StoreType,DayOfWeek,sales_no_promo,sales_promo,lift_abs,lift_pct
0,0,6477.117797321461,9991.080114711087,3513.962317389626,54.251943956350246
0,1,5937.517654179837,8566.690365712193,2629.1727115323556,44.28067190135419
0,2,5733.442916768966,7860.4034369396295,2126.9605201706636,37.097439549800114
0,3,5845.595477864336,7659.09360737682,1813.4981295124835,31.023325790840346
0,4,6336.937698686938,7660.2059584251365,1323.2682597381981,20.881825302028602
1,0,9937.201421800948,12234.51680672269,2297.3153849217415,23.11833369787318
1,1,9146.658508158509,11361.852441613588,2215.193933455079,24.218614169089193
1,2,9020.659673659673,11071.992776057792,2051.333102398119,22.740389024851606
1,3,9398.101057579319,11001.82328907048,1603.7222314911614,17.06432205469638
1,4,9990.798377752028,11533.951295336788,1543.1529175847609,15.445741763952773
2,0,6182.036459864746,9628.92169776802,3446.885237903275,55.75646892866575
2,1,5560.276165943601,8131.824322667648,2571.5481567240467,46.24856895552497
2,2,5441.084265684747,7619.8458478968305,2178.7615822120833,40.042783309805834
2,3,5543.459134985378,7476.353750774953,1932.8946157895753,34.86802317330826
2,4,6301.98154620439,7669.734572682675,1367.7530264782854,21.703539060695395
3,0,5990.189601655457,9807.692066918511,3817.5024652630536,63.72924263045101
3,1,5378.937239738251,7983.432547832666,2604.495308094415,48.42025835239443
3,2,5338.460465116279,7510.823351385791,2172.3628862695123,40.69268472558025
3,3,5501.41383706885,7489.277485752227,1987.8636486833775,36.13368685862233
3,4,6315.864454340267,7852.986451247166,1537.1219969068989,24.33747601803879
