Store,sales_no_promo,sales_promo,lift_pct
1,4245.4152542372885,5228.882978723404,23.165407047155888
2,3918.409604519774,6307.4647887323945,60.970021650031526
3,5404.381355932203,8827.864768683274,63.34644406603969
4,8853.971830985916,10568.374558303887,19.36309218104963
5,3586.7549857549857,6174.54255319149,72.14843438467526
6,4486.262108262108,6505.656028368794,45.012838558578125
7,7559.704225352113,10692.31338028169,41.438250248258456
8,4349.859154929577,7201.719858156029,65.56213894867183
9,5898.628895184136,7854.317857142857,33.154975447860764
10,5015.771830985916,6385.585106382979,27.310119390494847
11,7072.369014084507,9265.363957597174,31.007925903545935
12,6260.298591549295,9355.095406360424,49.435290818057126
13,3939.8394160583944,6507.618357487922,65.17471069921064
14,4583.039772727273,6706.674911660777,46.33682543125242
15,5734.963276836158,7970.538461538462,38.98150828152499
16,6600.59375,9342.921985815603,41.546690187009354
17,4673.25,8441.412587412588,80.63259160996282
18,5594.375,8045.356643356643,43.81153646934006
19,5322.628895184136,8079.943661971831,51.803626010494305
20,6986.594890510949,9100.47572815534,30.256238851281047
21,4311.917847025496,7048.315602836879,63.46126834719363
22,3829.356617647059,5499.072115384615,43.603029554440134
23,4475.810198300283,6818.713780918728,52.345910099319596
24,7887.087818696884,11433.31560283688,44.962448316264705
25,9503.13353115727,12760.457564575645,34.27631551991574
26,5448.634560906516,8340.352112676057,53.07233435175422
27,7633.257790368272,11974.804270462633,56.87671763912614
28,4056.156069364162,6762.141304347826,66.71304527510085
29,6326.883522727273,9112.354609929078,44.02595807550282
30,4330.801699716714,6136.55871886121,41.695675404916685
31,5190.610169491525,6776.656140350877,30.556060252444688
32,3216.0848708487083,5262.68115942029,63.636264923303955
33,7503.891737891738,9380.120567375887,25.003410163954292
34,7192.673295454545,9103.414035087719,26.565098415364957
35,7928.97994269341,12376.421985815603,56.090973558591614
36,8829.78021978022,10104.004807692309,14.430988724471398
37,6248.614285714286,8134.485815602837,30.18063595636028
38,4952.197142857143,7324.195729537367,47.89790305706028
39,3729.830945558739,6448.846975088968,72.89917610791105
40,4506.307471264367,5414.916967509025,20.163060377895665
41,5057.220588235294,6325.4975369458125,25.07853724357872
42,8707.275071633238,12278.945848375452,41.01938605773562
43,5456.186246418338,8348.869565217392,53.01657949630897
44,4393.985795454545,6855.906474820144,56.029327220683925
45,4674.592592592592,6162.971014492754,31.839746297006965
46,4374.414545454545,6744.638613861386,54.183800912735656
47,6089.295454545455,8569.172661870503,40.72519104774105
48,3344.6837606837607,4489.63082437276,34.23184807926162
49,6561.5344827586205,8524.076363636364,29.909800611954505
50,3571.3994252873563,5162.136690647482,44.54100692565729
51,6208.051282051282,7573.487684729064,21.994605724755072
52,6319.260073260073,8729.093137254902,38.13473470085571
53,4435.602857142857,6392.021276595745,44.10715933015456
54,7123.94540229885,8927.063829787234,25.310671624554125
55,3693.875,5885.79359430605,59.339273643695314
56,6719.6734104046245,8225.807142857142,22.413793654323236
57,8458.551928783383,12991.351449275362,53.58836309874076
58,5473.647940074907,7897.400966183575,44.280396778231584
59,4317.337209302325,7022.156028368794,62.6501634673925
60,6450.637426900585,10473.02491103203,62.356434223960555
61,4329.798833819242,5555.323741007194,28.30443062655957
62,5399.895043731778,7940.7642857142855,47.054048669556266
63,6142.936231884058,8278.510638297872,34.764717161304915
64,9162.95321637427,12568.136200716846,37.16250540554423
65,4095.535087719298,6541.028673835125,59.711210714536
66,5587.652046783625,6833.802158273381,22.301855968412827
67,6336.102339181287,9812.374100719424,54.86451410422326
68,7444.852173913044,7977.21554770318,7.150758152801899
69,8171.384393063584,10885.194346289753,33.21114052020159
70,5630.014450867052,7916.640845070423,40.61492939598438
71,7355.165697674419,11336.44014084507,54.12895652955125
72,3231.611320754717,6060.257142857143,87.53050850935311
73,3806.991354466859,5648.161971830986,48.362878870313835
74,5245.680232558139,7534.028571428571,43.6234813679156
75,5668.685878962536,6667.066901408451,17.61221284373999
76,8039.996254681648,10562.043062200957,31.36875599973986
77,6582.157593123209,9098.90780141844,38.23594577748543
78,3030.9885386819483,4627.914893617021,52.68665105640783
79,4465.301724137931,6839.446428571428,53.1687409072418
80,6847.9452449567725,8717.687943262412,27.30370397868802
81,6839.820895522388,7509.384615384615,9.789199601711054
82,7125.189655172414,11471.471631205673,60.998825103246865
83,3334.893982808023,4550.540636042403,36.45233280281943
84,11243.845714285715,15270.74558303887,35.814257604378476
85,7132.4597457627115,7513.239583333333,5.338688911589543
86,3832.0545977011493,5891.20640569395,53.73492875670629
87,4875.464183381089,7096.09187279152,45.54700036521334
88,4363.005714285714,8123.768683274021,86.19660883492556
89,5285.623616236162,6969.634615384615,31.860214071535047
90,7324.433908045977,9889.760714285714,35.02423311406627
91,4820.688760806916,6645.143369175627,37.84634725232339
92,4881.832853025937,7526.462633451957,54.172886701493326
93,4667.320809248555,7532.0,61.37737918239785
94,5825.106936416185,8802.451957295374,51.11228091395278
95,6060.615606936416,9594.297872340425,58.30566553931725
96,3687.8703170028816,7110.886120996442,92.81822596124888
97,5429.99710982659,8373.446808510638,54.207205623688616
98,4514.780979827089,6106.439285714286,35.25438582733099
99,4620.869402985075,6223.757281553398,34.6880151499815
100,7515.425287356322,8827.724489795919,17.461409730828695
101,6586.968481375358,8736.615658362989,32.63484838383172
102,5644.040935672515,8916.17090909091,57.97495111591541
103,4129.6890243902435,5257.295454545455,27.30487510065494
104,9851.570200573065,10611.156028368794,7.710302137942879
105,3831.3381502890174,5739.115107913669,49.79401145995788
106,7499.539589442816,10087.832142857143,34.5126860461927
107,6822.704022988506,8117.208480565371,18.973481089244753
108,10559.101123595505,12522.202898550724,18.591561459416717
109,5716.288571428571,7524.724381625441,31.636538071851046
110,4005.880341880342,5272.339222614841,31.61499527317456
111,5828.731428571428,8038.946619217082,37.919317740590394
112,5971.550143266476,6614.879858657244,10.773244801706754
113,6611.753731343284,7780.158653846154,17.671634032042054
114,4670.469914040114,6253.729824561404,33.899370719887926
115,7210.214814814814,8115.365384615385,12.553725416623637
116,6333.228571428572,8267.625441696113,30.543613710616533
117,3191.3198847262247,4774.229390681004,49.600465109456515
118,6636.853868194842,9621.851590106007,44.97609531853464
119,5178.102564102564,7154.325088339223,38.16499383262341
120,5987.3019943019945,8524.046263345195,42.36873756255111
121,3616.4080459770116,5550.222222222223,53.47334016681102
122,5860.783720930232,7857.637010676157,34.07143796510855
123,6510.664705882353,10938.933823529413,68.01562233186638
124,3815.1098265895953,5157.784172661871,35.19359617682408
125,10145.290229885057,13898.724014336918,36.996810336636244
126,5240.136231884058,7832.209386281588,49.465758898133956
127,4325.35687732342,6471.614285714286,49.620354325976315
128,6665.950867052024,9143.489285714286,37.167066905759214
129,8028.205223880597,10805.383886255924,34.5927711727444
130,4578.634782608696,5855.089285714285,27.878495746243477
131,4516.9416909620995,6047.690647482014,33.889057270382175
132,5866.048689138577,7524.423076923077,28.270723201720145
133,4928.695906432748,7974.736462093862,61.802160520504756
134,4156.691860465116,5407.534296028881,30.092257919349365
135,5368.591304347826,6847.516363636364,27.54773040910771
136,4677.085820895522,7218.289855072464,54.33306403794782
137,7457.932835820896,9611.014492753624,28.869684191728684
138,5695.824561403509,9651.605072463768,69.45053290204422
139,5436.339552238806,7905.342995169082,45.416652495767764
140,6523.510144927536,8705.25090909091,33.444276404779146
141,4608.470930232558,6708.7692307692305,45.57473253781997
142,4014.093023255814,5321.231884057971,32.5637411297943
143,5155.462209302325,7923.350364963504,53.688457858674695
144,6864.5977859778595,8904.478048780487,29.715947334444557
145,6965.915384615385,9824.885572139303,41.042275561344226
146,6698.122448979592,9488.603636363636,41.66064757160646
147,7192.851744186047,9586.687272727273,33.2807572528678
148,7696.250720461095,9795.329710144928,27.274046362643368
149,4613.889298892989,6906.1225490196075,49.68114971194896
150,7390.4971428571425,10016.050909090909,35.52607781969503
151,5725.890489913545,8241.720588235294,43.93779627384622
152,4213.14409221902,7177.716911764706,70.36485709142399
153,5127.048991354467,9367.996336996337,82.71712154093332
154,7622.2722063037245,10479.650735294117,37.48722758323038
155,6085.941176470588,8043.724137931034,32.168943219983944
156,4994.793696275072,9328.021897810218,86.75489850094718
157,8171.836676217765,11696.095588235294,43.12688874796124
158,7803.3753581661895,8921.617647058823,14.330238359255645
159,6355.741697416975,9455.20197044335,48.76630329841788
160,4860.997150997151,6866.54347826087,41.257920236639414
161,6570.447293447293,8193.617328519855,24.704102515080653
162,6510.218130311615,9497.021582733812,45.87870010861268
163,6335.440677966101,7632.989208633094,20.480793627816766
164,4911.566176470588,7864.073891625616,60.11336524995527
165,3414.345588235294,4751.522388059701,39.16348727064643
166,5263.252840909091,6514.138181818182,23.7663927369492
167,7268.525568181818,12163.549090909091,67.34548123701155
168,6066.4617563739375,9470.117216117216,56.106105938393334
169,6289.83768115942,8125.80223880597,29.189378974691166
170,4202.031518624642,5908.021818181818,40.599179039845964
171,6725.5734870317,10532.43321299639,56.602752661986436
172,6320.234848484848,7411.59405940594,17.267700284629836
173,6860.163793103448,9763.546428571428,42.32235152150102
174,5698.413533834587,6510.381188118812,14.249012456943161
175,5182.5346820809245,6608.562724014337,27.516034709116973
176,4123.463768115942,6685.187050359712,62.12551937649863
177,3040.121739130435,5145.5,69.25309055129371
178,8191.226744186047,12781.811387900356,56.042700160541955
179,6158.611594202898,8944.188612099644,45.23060068471943
180,6375.710982658959,8302.194346289753,30.21597699253554
181,4821.330798479087,8479.135265700483,75.8671126315429
182,4717.602305475504,6308.804270462633,33.72903992225657
183,4156.921875,5869.891089108911,41.207635496130436
184,5564.941860465116,7861.1792114695345,41.26255778730632
185,6028.953890489914,8710.313167259786,44.47470200426405
186,3232.5530303030305,4531.931372549019,40.19665973195746
187,5339.482758620689,7528.370106761566,40.99437056158444
188,4103.248554913294,6206.003584229391,51.24610418245867
189,7515.864161849711,10302.225806451614,37.07307083522592
190,6386.833962264151,8458.160975609757,32.431201837777465
191,6307.509433962264,7176.5873786407765,13.778464444286588
192,9015.180451127819,10677.218446601943,18.435992540406655
193,4213.775216138329,6795.469534050179,61.26796484122421
194,4408.800578034682,5536.23381294964,25.57233458306104
195,9379.510144927537,12471.335714285715,32.963614534072924
196,4384.843478260869,6312.666666666667,43.96561012869762
197,5686.6246418338105,8172.815602836879,43.719976569463306
198,1763.2068965517242,4291.839857651245,143.41101807421063
199,6891.371428571429,9588.975,39.14465501372317
200,6927.774928774928,8697.5871886121,25.546618907697923
201,4727.314285714286,5975.046263345196,26.39409826000983
202,5571.652421652421,7070.63475177305,26.903730108779218
203,6001.4802259887,8080.704626334519,34.6451928866146
204,4935.677655677656,6305.265700483092,27.748733615736803
205,5324.214689265536,7876.332155477032,47.93415771450708
206,6040.03125,8987.139285714286,48.792926952394254
207,9087.52676056338,13892.250883392226,52.871636578608296
208,2614.9775280898875,3295.3639575971733,26.018825102649146
209,4807.095671981777,6974.93661971831,45.096688222200854
210,2677.71104815864,3912.52688172043,46.114603530912184
211,10766.957627118643,15579.096085409252,44.693576634594685
212,4038.685552407932,5704.27304964539,41.24083134534716
213,6989.517142857143,10083.921428571428,44.27207520159781
214,8297.702857142856,10641.64412811388,28.24807433244375
215,5209.351851851852,7892.352657004831,51.503543654844684
216,6122.654285714286,8699.618705035971,42.089007464203895
217,4236.732954545455,5372.744680851064,26.813389904285057
218,4056.208178438662,6224.0097087378645,53.444040220185265
219,2644.063400576369,3754.0925266903914,41.98194059461855
220,4078.3565217391306,5965.975088967972,46.28380469356086
221,5206.153623188406,6862.322807017544,31.811761690098766
222,3958.0895953757226,6228.377622377622,57.358176774328214
223,6014.488372093023,8963.867132867133,49.03789945723573
224,5989.816326530612,7963.067857142857,32.94343971570795
225,4341.247813411079,6409.792253521126,47.64861461536138
226,5973.459770114942,8416.643109540637,40.90064105979042
227,5121.0,7361.561594202899,43.75242324161099
228,7299.636627906977,9018.589285714286,23.548468854403566
229,7428.910144927536,10450.315412186379,40.67090876475146
230,6890.618497109826,8707.96797153025,26.374257625533694
231,4078.378277153558,5863.775609756098,43.7771391291499
232,2909.345930232558,4187.478571428572,43.9319583111193
233,8334.85549132948,10884.34892086331,30.588333921157933
234,8865.665697674418,13909.330935251799,56.88986489644429
235,4573.540462427745,7681.8884892086335,67.963715469807
236,5866.4190751445085,8771.003584229391,49.51205278517088
237,4122.878612716763,5033.260714285714,22.081224966481763
238,6492.469026548672,9215.441605839416,41.940478547623464
239,4397.080691642651,6180.868327402135,40.56754380582224
240,4194.774285714286,5609.102836879432,33.71643990433003
241,5874.4885057471265,7597.236559139785,29.325924320172902
242,3136.805714285714,5241.132616487455,67.08502514574512
243,5631.062730627306,9004.473429951691,59.90717668578669
244,4229.1551724137935,6660.114285714286,57.480962844714455
245,8239.497142857143,10135.260714285714,23.008243568262145
246,6173.170454545455,8196.524822695035,32.776583492194604
247,7161.458923512748,10470.771428571428,46.210032626081706
248,7465.290140845071,9594.209964412812,28.51757645586629
249,4715.101123595506,6163.355871886121,30.715242586064566
250,7040.197183098591,10633.627240143369,51.04161096043629
251,17318.26062322946,21309.129032258064,23.044279652862727
252,8663.381355932202,12939.7615658363,49.36156027549069
253,4427.802259887006,7503.44128113879,69.46197776524629
254,2682.3898305084745,3539.7437722419927,31.962317034694323
255,5563.788732394366,7300.459363957597,31.213813375977306
256,8234.532394366197,11711.379432624113,42.222762286255175
257,4358.293296089386,6253.2807017543855,43.480033970300624
258,5074.046594982079,6580.071428571428,29.680942131645295
259,11603.484342379958,12605.786206896551,8.637938699635585
260,6229.78431372549,6949.419580419581,11.551527797015162
261,9152.16338028169,16969.950704225354,85.42010232014721
262,20522.486315789472,20929.546391752578,1.9834832373596158
263,3674.3309090909092,4084.1913875598084,11.154696966863701
264,5734.760932944607,8734.619565217392,52.310090470196094
265,3795.0426136363635,6458.9260563380285,70.1937689218505
266,3529.4985754985755,5194.140350877193,47.16369024581546
267,8721.24858757062,9959.282229965156,14.195600893190461
268,3907.322033898305,6138.870629370629,57.111970196270846
269,7397.121813031162,11671.471830985916,57.78396146491508
270,8388.977401129943,10418.562937062938,24.19347959692467
271,5555.9457142857145,10872.249122807018,95.68674141022956
272,4707.410764872521,8189.1760563380285,73.96349002400675
273,5870.697142857143,8826.285211267606,50.34475457495737
274,4280.382978723404,4043.0137457044675,-5.54551389907944
275,6462.511029411765,8535.813397129186,32.08199348955137
276,3332.9627507163323,5079.44055944056,52.40015983823606
277,5398.391143911439,7732.271428571428,43.232885918098944
278,6138.9031339031335,8493.836236933797,38.360812211307696
279,7625.817843866171,11304.85308056872,48.24446783320143
280,5637.521613832853,7028.505300353357,24.673673677940858
281,5316.3753581661895,6618.606271777004,24.49471351962629
282,3698.4956772334294,5285.425087108014,42.907429083752476
283,6555.269662921349,8021.171428571429,22.36218860593452
284,4553.554307116105,6540.253588516746,43.62963846276986
285,4898.28818443804,5668.118881118881,15.716321043065799
286,3493.7803468208094,6667.020979020979,90.82541880710053
287,7658.827715355806,8877.790476190476,15.915787717625149
288,4739.018587360595,6981.722488038277,47.32422672194582
289,5523.461538461538,7351.961267605634,33.104235748030426
290,5564.810888252149,8878.612676056338,59.54922555948745
291,6399.959885386819,10086.533333333333,57.603071174932744
292,4695.892441860465,7207.210144927536,53.479029474365746
293,5156.09375,7613.319298245614,47.65672750317261
294,4751.518518518518,7236.120141342756,52.29068587527919
295,4692.106017191977,6354.761565836299,35.435165841358156
296,5743.69340974212,8577.901754385965,49.3447010914027
297,5679.481268011527,8666.978723404256,52.601590082164265
298,7563.223048327138,9721.061904761904,28.530678556571793
299,6084.163551401869,7090.766550522648,16.544640699029937
300,6561.644886363636,8120.228070175439,23.75293407070595
301,4886.215297450425,6447.94055944056,31.961859372120305
302,3268.351274787535,4410.605633802817,34.94894712899352
303,5082.219020172911,7656.610909090909,50.654878876715756
304,6011.725212464589,8500.335664335664,41.395944823147275
305,4892.8615819209035,6591.961267605634,34.72609345751563
306,3738.710622710623,5245.090909090909,40.29143836995165
307,2008.7915492957748,3586.632867132867,78.54679189536806
308,7632.232758620689,11059.354838709678,44.903269966682
309,5553.742209631728,8788.919014084508,58.252196128982845
310,6794.742596810934,10880.104529616725,60.12533770923461
311,5760.505617977528,7926.116197183099,37.5941058445821
312,4497.941011235955,6964.41052631579,54.83552383009338
313,5656.011299435028,8912.020905923346,57.56724012933914
314,4186.1016949152545,6386.151408450704,52.5560503273915
315,3672.7098591549297,5101.72027972028,38.90888404928772
316,8289.339943342777,12034.397887323943,45.179205697660485
317,4936.586956521739,5991.014354066986,21.359441387986493
318,6248.443181818182,9194.971731448763,47.15620297555774
319,6879.478753541077,9002.463157894737,30.859669466395196
320,13142.218130311614,17215.452631578948,30.993508560573208
321,5259.535816618911,6878.31338028169,30.777954939441965
322,3701.9885714285715,6739.556338028169,82.05232695862757
323,6734.284900284901,8422.00709219858,25.061639311432742
324,4129.667613636364,7557.978723404255,83.01663549016489
325,5332.099150141643,7830.166077738516,46.84959632700217
326,4632.694050991501,5791.95406360424,25.023452873272113
327,6688.128571428571,9228.876325088338,37.98891912027146
328,3691.116147308782,5416.657243816255,46.74849090743397
329,5578.215909090909,8658.014134275618,55.21116922286051
330,3675.4786324786323,4849.45744680851,31.940841771080624
331,5066.042857142857,7327.18085106383,44.63321881955431
332,2987.4942857142855,4725.992882562277,58.19253295851345
333,8467.81534090909,11483.886925795054,35.618060425986606
334,4732.188571428572,6297.353571428572,33.07486538997962
335,10397.917721518987,18404.97212543554,77.00632586604885
336,11610.488636363636,16702.985663082436,43.86117747679698
337,4811.240793201133,5535.688172043011,15.05739184506438
338,5914.85552407932,8482.512544802867,43.41030833755177
339,4561.292613636364,5914.308243727599,29.66298689205516
340,5469.2683615819205,7876.943060498221,44.021878974318774
341,4750.994318181818,6570.534050179212,38.29808267785347
342,9991.226277372263,12593.608695652174,26.046676814573644
343,6026.82905982906,8850.810035842294,46.85682882290562
344,6829.982954545455,10727.02846975089,57.057909824092526
345,3823.908424908425,5605.56937799043,46.59266789645133
346,6092.34188034188,8090.510638297872,32.798040510554245
347,4573.074285714286,5336.338078291815,16.69038692334104
348,8153.042471042471,9857.311557788944,20.903473676233162
349,7675.606232294617,8660.221830985916,12.827854489832902
350,6035.683615819209,8297.34628975265,37.47152465059205
351,5152.657223796034,7338.808510638298,42.42764833542908
352,6090.898876404494,7405.609154929577,21.58483181551631
353,5803.329853862213,6097.409722222223,5.067433279952105
354,7349.218130311615,9804.55871886121,33.40954840383117
355,7944.245070422535,10745.074204946997,35.25607669068916
356,5465.079320113315,6397.771428571428,17.066396548454392
357,6487.231884057971,9458.035971223022,45.79463383243082
358,8753.762711864407,12286.439716312057,40.35609738038294
359,6367.270422535211,7525.787234042553,18.194873699836727
360,5755.1596638655465,8401.185053380783,45.97657656882434
361,5285.799435028249,7664.642857142857,45.00442083273814
362,8258.359550561798,10962.20284697509,32.74068269683602
363,6260.183098591549,8251.390070921985,31.80748775189065
364,4084.2344632768363,5739.289285714286,40.52301201899112
365,4679.634686346863,6540.884057971014,39.77339036857868
366,4864.144886363636,8012.238434163701,64.72039014762025
367,4337.917847025496,6528.4487632508835,50.49728910213069
368,7635.680911680912,12578.609318996416,64.73461194212439
369,6223.209631728046,7597.729537366548,22.08699348051416
370,6596.042735042735,9065.686832740214,37.44129922896076
371,5704.597733711048,8399.521276595744,47.24125466304441
372,7553.772727272727,10530.964412811389,39.41330766796277
373,4213.326704545455,5143.856630824373,22.08539692103714
374,5878.093220338983,8471.248226950354,44.11558152291139
375,6763.384615384615,12371.566308243728,82.91975115687237
376,6893.619596541786,10339.137184115523,49.981254975284614
377,6852.985835694051,9482.702127659575,38.37329238692631
378,5878.0940170940175,7547.85,28.406418441933468
379,3257.756373937677,4764.698581560284,46.257056533701245
380,12116.678062678062,16872.875,39.25330781851862
381,7531.994301994302,11040.792857142857,46.58525238421255
382,6464.7663817663815,10110.863799283154,56.399523234133355
383,15692.699716713882,19263.472924187725,22.754358854332164
384,7375.634285714285,11189.060714285713,51.703030286596174
385,6089.608058608059,9120.995098039215,49.77967399964424
386,6613.549857549858,9592.729241877256,45.04660051706488
387,7485.138728323699,11551.734317343173,54.32892744701594
388,8630.698005698006,12453.85,44.2971355477615
389,8945.674220963172,12373.39222614841,38.31704487016495
390,9820.46418338109,13846.530035335689,40.996696049946436
391,4553.197101449276,7359.61231884058,61.63614609387383
392,5827.609686609687,9245.448398576513,58.64906704064481
393,5092.0625,6984.624113475177,37.16689678249584
394,7325.456090651558,9863.40780141844,34.645647716129375
395,3409.4672364672365,4735.652482269504,38.89714004632616
396,8246.157142857142,12940.053191489362,56.922224101660404
397,4628.962750716332,7126.251773049646,53.949214042538095
398,4683.82905982906,6680.880281690141,42.637149997399035
399,4913.6925925925925,6614.613526570049,34.61594110591289
400,6971.787965616046,11222.428070175438,60.96915347286805
401,5563.21387283237,9117.80633802817,63.89458587156687
402,5278.149855907781,6743.031690140845,27.753699198089958
403,6341.9051724137935,8907.838596491229,40.459977787728654
404,3959.489855072464,5990.702127659574,51.29984788280096
405,3342.6329479768788,5992.886524822695,79.28640739480164
406,5674.838150289017,7366.872340425532,29.816430800768124
407,3466.373134328358,4526.071428571428,30.570808541891058
408,4087.64161849711,5578.935714285714,36.482995207806496
409,4865.342939481268,6588.632142857143,35.41968623407269
410,5133.4409221902015,8145.0818505338075,58.667100176905876
411,7878.740634005763,10956.645390070922,39.06594846872462
412,8812.695167286245,9720.189573459716,10.297580807539976
413,6061.955390334572,8485.857819905214,39.98548774270774
414,6083.982758620689,7060.812056737589,16.055753884785144
415,5685.231213872832,7107.791519434629,25.02203080308383
416,9782.736231884059,12855.390845070422,31.40894878849862
417,6138.69970845481,9330.588652482269,51.996173385567005
418,4062.5406976744184,6853.725978647687,68.70541094077086
419,4508.657971014492,6271.584507042254,39.100915335813006
420,4219.179104477612,5238.75,24.165148486831633
421,9232.375722543353,9956.140845070422,7.839424480524554
422,4171.962536023055,5109.341549295775,22.46853861171729
423,10525.940042826553,11486.782006920415,9.128324502937657
424,6356.3314121037465,7948.836879432624,25.053845749710657
425,2745.419540229885,3954.1178571428572,44.02599672659731
426,4101.275862068966,6305.156583629893,53.73646630171175
427,6017.571428571428,9602.97641509434,59.58225887439256
428,5703.591911764706,7255.246445497631,27.20486594653365
429,4644.9047619047615,6297.438095238095,35.577335123996605
430,7901.120879120879,9890.942583732058,25.18404331554255
431,8538.487106017192,11051.731182795698,29.434301950369967
432,9497.65625,13000.035587188611,36.876248676494384
433,4380.850241545893,6868.978723404255,56.79556124201961
434,9442.14652014652,10900.143540669857,15.441372546088303
435,2746.622478386167,3904.640287769784,42.16152086776897
436,4559.709302325581,6768.985765124555,48.452134035653984
437,6946.779069767442,8227.569395017794,18.437182360158594
438,4162.264534883721,6691.7081850533805,60.77085271660473
439,6055.566091954023,8770.377224199288,44.83166546315811
440,4342.9421965317915,6296.26618705036,44.97697418304263
441,5660.99710982659,7363.683274021352,30.077495733731617
442,3727.4190751445085,5311.44128113879,42.49648816139276
443,4306.674418604651,6513.402826855124,51.23973149020738
444,11897.063768115942,12757.3,7.230660006963102
445,8353.103746397695,9075.405693950179,8.647108541707968
446,3804.35734870317,6331.229681978799,66.4204779326787
447,4911.2234957020055,5841.681818181818,18.94555039684289
448,7087.281609195402,10301.982456140351,45.358728835806836
449,9361.931428571428,13381.873684210526,42.93924054357783
450,7864.349570200573,9918.508833922262,26.119887542960523
451,4823.508522727273,6275.7852112676055,30.108305638883724
452,3908.684659090909,6364.327464788732,62.82529853070731
453,7160.699074074074,9278.761403508772,29.578988134040213
454,4388.184438040345,7555.145390070922,72.1701878475478
455,7190.112391930836,8120.4341637010675,12.938904443472863
456,5136.936781609195,7394.95744680851,43.95655935037549
457,4390.507462686567,5845.802884615385,33.1464058379784
458,7033.925287356322,8300.345070422536,18.00445315139527
459,7213.0,11721.78245614035,62.50911487786428
460,2763.5244956772335,4990.770318021201,80.59439407278188
461,4235.205202312139,5308.341637010676,25.338475550433227
462,3869.458213256484,6024.561837455831,55.69522929117356
463,4988.438395415473,7487.943859649123,50.105970368016806
464,10210.193181818182,11162.167832167832,9.32376727254172
465,6618.090909090909,9323.281690140846,40.87569690730547
466,5982.777142857143,9913.221830985916,65.69599024461982
467,12244.749279538904,15027.348591549297,22.724836976941152
468,6355.191428571428,6996.475177304965,10.09070703756424
469,10339.37356321839,13455.620567375887,30.139611313042508
470,11441.069364161849,14954.491039426523,30.70885739291259
471,6322.55223880597,8227.657004830919,30.13189443231445
472,4618.576368876081,5925.850533807829,28.3046995550681
473,2809.184438040346,4429.8279569892475,57.69089053047166
474,6139.397694524496,9355.935714285713,52.391752087178354
475,5695.710982658959,7479.410071942446,31.316530889894146
476,4470.581395348837,7620.05376344086,70.44883180896143
477,5363.742537313433,7409.6,38.14235020518504
478,5589.692528735633,8268.185714285713,47.918435079933566
479,9447.775862068966,13720.909420289856,45.22898955908463
480,3923.847701149425,6202.225806451613,58.06489646972728
481,4490.971428571429,6451.624548736462,43.657661852208975
482,7518.490028490029,9302.880434782608,23.73336134690527
483,3741.1747851002865,6540.785454545455,74.83239437502307
484,7391.553008595988,8323.122302158274,12.603160560154535
485,4594.712177121771,5616.623762376237,22.24103590955755
486,3446.7463976945246,5438.739130434783,57.793423214213604
487,6156.071633237822,8300.312949640287,34.83132497720284
488,3239.521489971347,4316.772563176895,33.25340105137183
489,5198.718390804598,10127.534545454546,94.80829281632087
490,7909.066914498141,8813.584158415842,11.436459619018107
491,5923.489855072464,8127.779411764706,37.212683918157516
492,6800.637404580153,9426.273631840795,38.60867843788151
493,7245.583815028902,10092.432727272728,39.290814721359624
494,6773.607758620689,9168.14590747331,35.35100103493771
495,4229.472463768116,6504.314814814815,53.78548673703859
496,6588.259365994237,9238.569343065694,40.22777231192837
497,7907.6551724137935,10598.807407407407,34.032240611373865
498,6789.926199261992,7318.91,7.79071502714571
499,4726.043227665706,5925.561797752809,25.381032553093497
500,5338.055147058823,5949.582914572864,11.456003182188589
501,4499.27205882353,6419.155,42.670968016067945
502,9365.040935672514,12736.033333333333,35.99549025803317
503,5605.798850574713,8380.39405204461,49.49509027041603
504,6012.942857142857,7477.9670329670325,24.36451186433367
505,3981.9426934097423,5837.026022304833,46.58739393626431
506,6037.805157593123,9410.269372693727,55.85579738126204
507,7295.78386167147,10025.051282051281,37.40883052632722
508,5713.809798270893,8389.639705882353,46.83092371085255
509,4829.873563218391,7717.0,59.77643925854179
510,6766.5,10019.770909090908,48.07907942201889
511,5339.638728323699,6103.712230215828,14.30946063521414
512,5451.381868131868,6017.319248826291,10.381539844104958
513,16125.187319884726,20147.416666666668,24.943768199343282
514,4930.7201492537315,7171.926108374384,45.45392744424688
515,8409.959420289855,10077.864963503649,19.832504056913848
516,4775.066860465116,7437.113970588235,55.748897092172264
517,4662.166180758018,7469.025547445255,60.20504756505425
518,5042.732075471698,7129.1732673267325,41.37521408293078
519,4695.292753623188,6166.828467153285,31.34065948059501
520,3420.5942028985505,4554.510948905109,33.14970086325054
521,4520.485465116279,6092.69741697417,34.77971478927097
522,7541.388679245283,9344.805970149253,23.913596919718106
523,14111.57636887608,15668.24,11.031110844265662
524,6506.32476635514,9744.856115107914,49.775125974337236
525,9378.968208092485,11024.902877697841,17.549208325337847
526,8437.08092485549,13460.607913669064,59.541054940155334
527,9771.98847262248,12033.553956834532,23.143349898008257
528,8706.101156069364,13226.559566787004,51.922879480515235
529,6870.522988505747,9251.05357142857,34.64846252469289
530,4632.911764705882,5237.064285714286,13.040449542141411
531,4578.669540229885,5483.814285714286,19.768728394383224
532,10087.57225433526,11981.0,18.76990516574506
533,8325.991354466858,11771.613718411552,41.383929159332276
534,6085.432330827068,9285.088235294117,52.57894148717263
535,6651.36676217765,9966.830935251799,49.84635927652062
536,6895.735632183908,10222.158273381296,48.23883655968835
537,4923.893982808023,6733.739130434783,36.75637927920277
538,3195.474431818182,4657.1814946619215,45.7430373496072
539,10586.490706319702,12129.814634146342,14.57823910340126
540,5024.503731343284,7195.417475728155,43.206530643862905
541,5725.7249283667625,8156.241992882562,42.449071426298744
542,5324.388059701492,7474.995169082125,40.39162970967231
543,1863.4886363636363,3879.6785714285716,108.19437777733253
544,11283.042857142857,17402.31560283688,54.23424180136078
545,8515.161016949152,13504.572953736655,58.594452023352694
546,12457.647887323943,15516.908450704226,24.55728875186125
547,5379.783088235294,6591.51690821256,22.52384157694258
548,4254.091954022989,6289.552346570397,47.847117893691134
549,4173.264788732395,5344.862676056338,28.073892902439333
550,5545.430985915493,6939.631205673759,25.141422250124677
551,5817.487323943662,7596.492957746479,30.58030958624991
552,5449.866855524079,10690.377224199288,96.158502723114
553,7020.988603988604,7327.308243727599,4.362913216594247
554,4251.28045325779,5113.13475177305,20.272816813457084
555,4345.551851851852,6180.381642512078,42.22317103127685
556,6121.920227920228,8745.82332155477,42.86078543898224
557,3651.5685714285714,5315.562277580071,45.56928546190521
558,2763.8039772727275,3800.038732394366,37.49306259209369
559,4367.394285714286,7842.08896797153,79.559903570487
560,12258.318181818182,15202.830388692579,24.020523559600242
561,5741.854285714286,8353.266903914591,45.48030110582032
562,16706.14712153518,20058.228373702423,20.064957095021725
563,4932.754335260116,6172.553571428572,25.134015438518244
564,5029.8962536023055,6342.815602836879,26.10231470071155
565,5480.997118155619,8183.385714285714,49.30468923580571
566,4171.234285714286,6010.103942652329,44.08454502869416
567,4148.902017291066,6567.249097472924,58.28884534035983
568,4674.517241379311,5432.801444043322,16.221658055972085
569,4004.6275071633236,5129.885304659499,28.098937928268164
570,3509.414985590778,5364.021739130435,52.84660723096134
571,7339.176029962547,8535.392156862745,16.299052128148812
572,5805.086705202312,8274.38768115942,42.536849169612026
573,3196.610486891386,4993.161764705882,56.20175761738153
574,7716.600574712644,10527.283636363636,36.423850560072026
575,3647.0037313432836,7683.126829268293,110.66956316050718
576,5861.4457142857145,8422.17857142857,43.687734766556844
577,4269.613180515759,5791.125448028673,35.63583404829941
578,7421.275862068966,9776.478571428572,31.735819461951692
579,6982.818443804034,9834.783393501804,40.84260492592878
580,9234.134285714286,11115.325,20.3721394564948
581,3862.4511494252874,7143.960714285714,84.95925094997507
582,5734.108262108262,8663.651245551602,51.08977454789515
583,3506.1203438395414,5327.017857142857,51.934826381608346
584,4133.722063037249,5583.535714285715,35.0728382106855
585,4744.252148997135,6511.351063829788,37.24715422653476
586,14070.439655172413,16995.410071942446,20.788052743574283
587,9013.513011152416,11099.94685990338,23.14784309036245
588,5429.317142857143,7189.734982332156,32.42429560024935
589,3754.7736389684815,6561.503571428571,74.75097575339215
590,4658.508620689655,5622.197841726619,20.686646725455617
591,4916.6246418338105,6678.563176895307,35.836344309667005
592,3640.845272206304,5414.5268817204305,48.71620398301901
593,8403.960113960115,10959.521276595744,30.40901108502998
594,3485.3618233618236,5069.30985915493,45.445727475872246
595,13457.034285714286,16927.844522968197,25.791791590651236
596,4089.425714285714,5105.720848056537,24.851781271403667
597,4621.790229885058,5831.850533807829,26.181636200154102
598,5233.7962962962965,6559.114285714286,25.322307449295504
599,9094.366762177651,10495.904255319148,15.411050926275799
600,6180.742857142857,8272.382978723404,33.84124157767404
601,4316.0,5633.523131672598,30.526485905296514
602,5350.487106017192,7609.967857142857,42.229440167880014
603,5755.332352941176,8588.732600732601,49.230871025953135
604,6846.791821561338,9385.837320574163,37.0837257095663
605,6035.134670487106,8556.068100358423,41.77095570375812
606,4849.86,6962.6925795053,43.56481588139246
607,2573.9942693409744,5515.808510638298,114.28985201472585
608,7215.774285714286,12208.544483985765,69.1924386847315
609,3973.0285714285715,5466.09187279152,37.57997896365722
610,3351.412103746398,5246.615658362989,56.54940353345461
611,5328.633333333333,6396.976076555024,20.04909470011117
612,5929.349264705882,7992.566666666667,34.79669201208925
613,5977.258620689655,7635.771126760564,27.747042771917908
614,5942.443804034582,7607.332155477032,28.016896858361285
615,8316.082857142857,11336.964539007093,36.32577661572404
616,7136.756446991404,10168.099290780141,42.475077667343406
617,5071.448275862069,8084.063604240283,59.403451726343704
618,6228.319088319088,7838.560283687943,25.853543669411298
619,3282.4065934065934,5722.5,74.33854817056636
620,7475.474264705882,8582.138095238095,14.803928036474273
621,5011.094555873926,7087.869718309859,41.4435437064657
622,3693.4786324786323,5231.51048951049,41.64182360518245
623,6077.429411764706,8549.774193548386,40.68076507803954
624,5821.452722063037,8539.095070422536,46.683233174079724
625,5148.634285714285,7776.140845070423,51.03307816301067
626,7714.910662824207,11596.354385964913,50.31093544406411
627,5340.707736389685,7100.7649122807015,32.955504453063625
628,5116.324712643678,7670.708333333333,49.92614355334317
629,6738.892592592592,8695.834123222749,29.039512111845074
630,5340.818965517241,9041.170731707318,69.28435114691646
631,4767.694285714286,6351.643598615917,33.22254360242242
632,6547.419540229885,7782.484429065744,18.86338398276056
633,6976.690298507463,7690.169811320755,10.226618672838724
634,5156.947826086956,8882.763888888889,72.24847309787593
635,4189.393063583815,8198.296167247387,95.69173965820616
636,4397.369402985075,8028.433962264151,82.57356220321617
637,7681.788888888889,10346.07142857143,34.68310022859672
638,5458.888475836431,6919.859903381643,26.763166787747135
639,3688.962643678161,5968.552816901409,61.79488364106427
640,9959.540229885057,13641.239436619719,36.96655791084799
641,4531.0771428571425,7381.260563380281,62.90299923531892
642,3215.42,4213.218309859155,31.031663355305213
643,6757.517045454545,9485.776223776224,40.37369288112779
644,9049.814229249012,10168.497461928933,12.361394436853029
645,8902.99142857143,12718.078291814947,42.851741393349684
646,4528.682656826568,5832.860576923077,28.798174191573843
647,4831.0997150997155,7058.954385964912,46.11485587643709
648,5702.661931818182,7740.355633802817,35.732325120226015
649,2754.165242165242,4918.804964539007,78.59512890635388
650,5889.058823529412,7125.275362318841,20.991750563777593
651,6768.159544159545,8692.363957597174,28.430246079203098
652,5207.142045454545,8556.414035087719,64.32073410704906
653,4976.556818181818,7175.13829787234,44.17876777088165
654,4877.363636363636,8604.240282685512,76.41170362069792
655,6910.37570621469,10084.373665480427,45.93090295237167
656,2850.38202247191,3792.0854092526693,33.037795613238345
657,4902.7683615819205,7654.906810035843,56.13437644779778
658,4825.943342776204,7522.566308243728,55.87763415217067
659,4487.689265536723,7034.265232974911,56.74581765263154
660,3591.241877256318,6123.921951219512,70.52379540355949
661,6639.719197707736,7975.41391941392,20.116735089750662
662,6549.425352112676,10731.669039145907,63.856650960746464
663,4728.068047337278,5796.952205882353,22.607207591841718
664,4077.4985754985755,6264.174377224199,53.6278740810657
665,6560.084057971015,10279.562277580071,56.69863658362121
666,5973.728571428572,8499.826241134751,42.28678353060964
667,7476.145299145299,10591.517482517482,41.67083515255307
668,7713.323863636364,10537.788732394367,36.61799917508506
669,4174.172161172161,5234.381642512078,25.399275362954743
670,5602.996323529412,8027.647342995169,43.274185444020304
671,5239.150735294118,7174.51690821256,36.94045601476274
672,7929.510028653295,10011.333333333334,26.25412285446853
673,6327.24,8739.47311827957,38.124571191855686
674,6765.876876876877,10222.344569288389,51.08676606611581
675,3155.0171919770773,5331.371024734983,68.98072816503745
676,7911.190274841438,8347.627586206896,5.516708563481059
677,6814.956043956044,9388.057692307691,37.75668737634259
678,6286.302593659942,8875.088652482269,41.18137840569828
679,8661.366762177651,11631.710247349823,34.294165883184064
680,5011.2750716332375,5452.734982332156,8.809333041760981
681,3122.835734870317,4474.248226950354,43.27517060823431
682,9209.83864118896,14372.034602076124,56.05088386457052
683,7265.92795389049,10959.754385964912,50.837641874725556
684,7016.080882352941,9275.1004784689,32.19774164516706
685,4746.0809248554915,8310.225806451614,75.09658891255933
686,4676.334302325581,8286.05693950178,77.19128710240095
687,7581.00576368876,9673.645161290322,27.60371727488737
688,2730.005763688761,4799.318996415771,75.79885948412692
689,5779.292263610315,8563.082437275985,48.168357762316056
690,4772.538904899136,6730.874551971327,41.03341399819514
691,7205.28530259366,9780.41577060932,35.73946568206951
692,4995.882521489972,8430.717857142858,68.75332478051307
693,4620.673295454545,9153.55357142857,98.09999509017693
694,7338.598540145986,9075.298076923076,23.66527515133077
695,3914.4514285714286,7271.667857142857,85.7646720065866
696,6832.937321937322,9441.216312056738,38.17214862699632
697,9162.017094017094,12682.567857142858,38.425498741153035
698,14439.139204545454,17238.141843971633,19.384830354326454
699,7194.6040462427745,9594.789667896679,33.36091334876656
700,3680.9660056657226,5882.888888888889,59.819158335990565
701,4635.554744525547,7301.033333333334,57.500746635678034
702,3596.412408759124,5334.942857142857,48.340686517194534
703,2657.5925925925926,4085.8220640569393,53.74147547841594
704,9038.851851851852,12338.865724381625,36.50921518150202
705,6344.297142857143,10033.356890459363,58.1476507883245
706,5236.956363636364,6527.047393364929,24.634366608179455
707,6907.076704545455,10231.251773049646,48.12709067378093
708,4201.309446254072,5807.863453815261,38.23936389626353
709,8045.5,12322.204946996466,53.15648433281295
710,3892.7454545454543,5565.363636363636,42.967571379862775
711,5753.4290909090905,8533.31100478469,48.31695793849358
712,5431.061818181818,7710.071770334928,41.96251172327965
713,9111.900568181818,12233.106382978724,34.254168945784585
714,4180.480113636364,5379.539285714286,28.682331681633766
715,4817.512893982808,8527.434163701068,77.00905739872626
716,5156.966911764706,6480.677725118483,25.6683984210557
717,4284.56,7207.540636042403,68.22125576587567
718,6729.119658119658,9359.957597173145,39.096316795006004
719,5013.81684981685,6003.0526315789475,19.73019381029512
720,6150.145299145299,8449.887323943662,37.393295815595835
721,7111.28045325779,8398.334507042253,18.09876663203239
722,8767.014124293786,11106.12937062937,26.680865493917622
723,6409.483050847458,8330.911971830987,29.977907824086973
724,6176.798295454545,7751.69014084507,25.496896127391356
725,5207.155807365439,6505.375438596491,24.931453546958238
726,8605.094827586207,14235.010563380281,65.42537704228076
727,3691.74,5633.537102473499,52.598425199865076
728,4882.439655172414,5791.3607142857145,18.616124792252116
729,8969.656160458453,12757.613475177304,42.230797334434754
730,6881.156695156696,8813.658450704226,28.083966710243967
731,7501.202857142857,11304.592857142858,50.70373475339765
732,5381.626728110599,7015.133333333333,30.35339847504123
733,14522.926315789473,15953.220689655172,9.848527375028192
734,4415.248571428571,7537.864768683274,70.72345184507624
735,4198.433908045977,7232.251773049646,72.26070319195902
736,4503.3707865168535,6201.305825242718,37.70364731701646
737,4999.394812680115,7661.645390070922,53.25145696912076
738,7691.259365994237,9711.737588652482,26.26979700608577
739,8213.950757575758,11894.04326923077,44.80295317403563
740,6068.276657060519,8261.840425531915,36.148051455748245
741,6746.419540229885,9112.133802816901,35.06621917714896
742,6928.145348837209,9518.946619217082,37.395307689592606
743,2955.0581395348836,4970.521276595745,68.20384039476423
744,6891.934108527132,8301.838383838383,20.457309270656403
745,5540.884057971014,10015.807829181495,80.76190955075006
746,5187.83908045977,7468.028571428571,43.9525871100597
747,6804.361271676301,9736.2384341637,43.088205423359476
748,4813.740634005763,6907.188612099644,43.489006518238895
749,3919.766570605187,6686.526690391459,70.58481850767716
750,4381.443609022556,5999.062801932367,36.91977661377868
751,3568.0317002881843,4968.480427046264,39.24989586401285
752,3878.7586206896553,6772.804964539007,74.6126951136439
753,7167.091690544413,10487.250883392226,46.325055353039765
754,6539.8252148997135,9730.37676056338,48.7864956756737
755,9309.717142857144,12198.024734982333,31.024654646368454
756,15383.885714285714,18465.989399293285,20.03462416615252
757,5384.351428571428,7583.526690391459,40.84382847208609
758,4077.04,5900.4731182795695,44.72443533248557
759,5554.4914285714285,9006.455830388693,62.14726309704799
760,7481.36676217765,7893.67615658363,5.511150669559817
761,7378.178977272727,10311.533333333333,39.75715911875171
762,3356.66,4585.790035587189,36.617650747683385
763,5415.623229461757,7115.754385964912,31.393084128419453
764,2987.34,4534.915194346289,51.804454609997165
765,7400.471428571429,10120.675,36.75716604926711
766,5534.904411764706,7229.375,30.614270133258575
767,4912.957627118644,7487.611307420495,52.405371177846604
768,10971.115819209039,15754.088028169013,43.59604153103182
769,10718.383647798742,11953.73356401384,11.525524340312309
770,5211.85552407932,7992.86524822695,53.359301908870506
771,5899.836363636364,7967.783653846154,35.050926207980645
772,3333.4532577903683,4143.834507042254,24.31056284824163
773,4846.814814814815,6338.862676056338,30.78409054707264
774,4841.357142857143,6300.243902439024,30.133838850007134
775,7982.618518518519,9930.461904761905,24.401058145578073
776,3985.07183908046,5838.053191489362,46.49806646488135
777,3654.2120343839542,4733.763250883392,29.54265396593042
778,4885.940959409594,7120.913875598086,45.742937435301315
779,5345.135057471264,9557.919298245613,78.81530018377832
780,4957.701149425287,8622.705263157895,73.92547479707338
781,3771.4613180515757,6445.268551236749,70.8957883350776
782,5006.637142857143,6425.397163120568,28.337584286241675
783,6057.391428571428,8018.173144876325,32.37006786545618
784,6390.570200573065,9608.733096085409,50.35799301952366
785,5699.8218390804595,8030.407142857143,40.88873950054327
786,2626.1181556195966,4770.584229390681,81.65916180055223
787,8816.112391930836,12245.794964028777,38.90243703377742
788,16061.554285714286,20441.057347670252,27.266994115577287
789,3350.0775862068967,3622.9890510948903,8.146422220537161
790,6818.520114942528,8346.86231884058,22.4145735164548
791,6563.244956772334,9462.945652173914,44.18090006543945
792,5621.0344827586205,9512.952898550724,69.23847252191338
793,3738.464183381089,6291.617328519856,68.29417161433604
794,2985.603448275862,3306.9103942652328,10.761876168615778
795,3537.0945558739254,5771.769784172662,63.1782722513791
796,5884.767241379311,9178.197841726618,55.96535028928981
797,3832.3198529411766,5017.359223300971,30.922245945894023
798,5678.528735632184,9767.763440860215,72.01222174977303
799,9038.191977077364,11273.190647482015,24.72838235869573
800,4597.477142857143,6104.179856115108,32.77238073056762
801,4025.159090909091,5957.457142857143,48.00550756645094
802,5813.042613636364,8182.896428571428,40.76787273803582
803,4939.0058139534885,7277.864468864469,47.354847169916816
804,4624.014652014652,5406.609756097561,16.924580975147606
805,4859.065934065934,7181.443902439024,47.794740797636955
806,5418.07326007326,8664.220588235294,59.91331553383502
807,9035.957264957266,10882.351449275362,20.433852553493995
808,6014.626436781609,9028.335740072202,50.10634218046649
809,7321.893982808023,12036.246376811594,64.38706166837406
810,5299.191977077364,6744.028985507246,27.26523241052206
811,3800.5685714285714,4590.938848920863,20.796106230894935
812,5001.749279538905,8068.285198555956,61.309268970389994
813,5182.41091954023,6653.136029411765,28.37916816526803
814,6840.181556195966,10604.56474820144,55.03338122064354
815,7298.110701107011,9249.463414634147,26.73777904233689
816,4284.170520231214,5756.201438848921,34.35976489885986
817,18585.275862068964,24484.645161290322,31.742166987477926
818,4865.154285714286,7942.043010752688,63.243394645739656
819,5348.775568181818,7068.297491039427,32.14795425492338
820,11061.574074074075,13493.752475247526,21.987633811303116
821,5798.005714285714,8272.633093525179,42.68066471790856
822,6486.4914285714285,9371.415162454874,44.47587367765651
823,4981.853868194842,7049.591397849463,41.50538302328523
824,6061.325714285715,8486.021428571428,40.002729247349926
825,4058.216417910448,5256.838235294118,29.53568006116425
826,7627.274566473989,10443.768115942028,36.92660497431228
827,12991.521613832852,13478.906810035842,3.751563601942063
828,4153.297687861272,6595.9819494584835,58.8131274273062
829,5081.650429799427,6994.84476534296,37.64907409459582
830,4943.5792507204615,7902.093862815885,59.84559894866172
831,10287.9111747851,15662.804347826086,52.24474707960588
832,5673.458689458689,7569.552346570397,33.42041884670207
833,4617.541547277937,6609.710144927536,43.14349047544558
834,4740.787965616046,7224.482014388489,52.38989945946037
835,4303.747058823529,6392.955719557195,48.543946290950736
836,4538.890173410405,7654.014492753623,68.63185052575517
837,3002.06006006006,4613.541666666667,53.67919276652869
838,6910.031884057971,9649.53405017921,39.645289805992114
839,4019.99711815562,6334.5268817204305,57.57540852732552
840,6115.236994219653,8756.989247311827,43.199507322271494
841,2276.2602339181285,3835.3142857142857,68.49190740869537
842,17725.125,20647.058252427185,16.48469758282204
843,8315.369186046511,10630.042857142857,27.836090248169025
844,3198.2064896755164,5423.1899641577065,69.56972545909417
845,4493.279411764706,5400.63309352518,20.193573526381623
846,7389.196480938416,11687.36559139785,58.168288277991124
847,6425.194117647059,7999.530465949821,24.50254917557716
848,5809.6626506024095,8032.128676470588,38.25464849732246
849,7298.0935672514615,9377.36559139785,28.49061888541206
850,5194.54491017964,7625.550359712231,46.79919976759851
851,5243.969581749049,6047.4292682926825,15.321593194208635
852,3758.9737609329445,5664.787769784172,50.70038074376506
853,8027.143695014663,11003.786231884058,37.08221317525521
854,5673.3859649122805,7600.492753623188,33.96748961959093
855,4658.105263157895,7285.086956521739,56.39592806417002
856,6156.979768786127,8282.79856115108,34.52697381177307
857,7033.1037463976945,8252.223826714802,17.334026686888166
858,4297.494382022472,5464.7024390243905,27.16019971741328
859,7065.352059925093,8331.009803921568,17.913583544906796
860,5266.463976945245,6751.276978417266,28.193736973650974
861,3162.8633720930234,4214.198555956678,33.23998099759631
862,7457.192528735633,9924.213523131673,33.082436652796524
863,6438.644186046512,9903.667844522968,53.81604509200355
864,3501.845930232558,5174.535971223022,47.76595185269559
865,6971.350724637681,8550.003584229391,22.644863555817675
866,5921.109826589595,8275.845323741007,39.76848202641223
867,3774.490566037736,5336.167857142857,41.37451832988655
868,8601.56772334294,10727.815217391304,24.719301904444148
869,4621.536231884058,7674.956363636364,66.06937560473307
870,6120.970588235294,7913.3726937269375,29.282972032845567
871,6146.956896551724,6950.589090909091,13.073659176106855
872,7452.827586206897,9920.175182481751,33.106194497793375
873,3295.92816091954,4534.2472727272725,37.57118029727476
874,4107.241379310345,5278.181818181818,28.50917028567938
875,4080.9166666666665,6271.406593406594,53.67641894361791
876,6821.274052478134,12467.966417910447,82.78061139298309
877,5690.208219178082,7390.3165467625895,29.8777876327007
878,7214.547277936963,10850.460431654676,50.396968980116256
879,3183.6029411764707,4655.227053140096,46.225114725512874
880,6608.888252148997,8925.220588235294,35.04874417165551
881,3246.859598853868,5486.269090909091,68.97155309227807
882,5643.424418604651,7081.430147058823,25.481084210386623
883,4031.272988505747,5700.902173913043,41.41692190451656
884,4849.133333333333,6830.344660194175,40.857018990214925
885,4993.112391930836,6458.273722627737,29.343648123456788
886,5425.1734104046245,7936.181818181818,46.28438978487723
887,5680.580174927114,8473.19926199262,49.160807542010225
888,7382.91091954023,9114.730215827338,23.457133848161842
889,3356.164739884393,5218.652173913043,55.49451765269442
890,4895.317164179104,7069.590243902439,44.415366906833285
891,7313.098265895954,8889.333333333334,21.553587961316286
892,5759.948126801152,9963.127272727274,72.97251734557548
893,5727.869402985075,7437.541463414635,29.848307287497956
894,6565.849557522124,10801.328467153284,64.50770570548346
895,8475.463976945244,10665.117216117216,25.835202003432673
896,6547.5243553008595,7610.550359712231,16.235541049202023
897,3286.7752161383287,3865.8483754512636,17.618276919870866
898,4708.634285714285,8977.781362007168,90.66635498206391
899,3884.12893982808,7052.089928057554,81.56168441642143
900,5244.125925925926,6859.5097087378645,30.80368026301198
901,6074.779369627508,8748.870036101083,44.019552048974994
902,4619.237918215614,5278.162561576355,14.26479118476063
903,11005.657992565055,13009.733990147783,18.209506409672137
904,5212.925925925926,6879.4187192118225,31.968472542411813
905,7103.652421652421,9567.927272727273,34.69025094138294
906,9195.758522727272,12804.054545454546,39.23869916559236
907,5918.085714285714,7090.425992779783,19.80945081049008
908,3095.948717948718,5617.784946236559,81.4560077713023
909,9196.32824427481,13105.69696969697,42.51010426749333
910,4695.7736389684815,7090.694244604317,51.00161953636943
911,8664.15297450425,11572.343971631206,33.565785434361615
912,5477.019830028328,6188.268551236749,12.986053424691397
913,7109.571022727273,10954.992805755395,54.0879579194779
914,8060.495774647888,11387.72695035461,41.278244772134606
915,6053.512915129151,6676.28640776699,10.287803154452378
916,4807.309659090909,6156.773381294964,28.071079624590823
917,5427.696022727273,8267.08540925267,52.31297726763038
918,4200.777142857143,6549.838028169014,55.91967403712748
919,4420.637037037037,6985.692307692308,58.02456182592446
920,5293.029629629629,6688.222222222223,26.359055025547246
921,7615.575498575498,11450.710247349823,50.35909301262513
922,6783.423631123919,8286.94306049822,22.164610543793934
923,4898.271954674221,5818.007117437723,18.776727206537316
924,3789.8205128205127,5949.946043165468,56.99809590025456
925,6528.823188405797,7322.505494505494,12.156590601337733
926,6142.245714285715,8789.761732851986,43.1033882673994
927,5410.002898550724,8089.115942028986,49.52147149858209
928,6521.068571428571,10016.176258992806,53.59716201847209
929,5099.569014084507,6783.148936170212,33.01416095038274
930,6353.57223796034,8056.6115107913665,26.804437079600206
931,3159.313817330211,4462.20640569395,41.239733172969586
932,6217.740875912409,8972.830097087379,44.31013250887011
933,5995.869688385269,9120.237410071943,52.10866619964999
934,5617.345609065156,8229.563176895306,46.50270340522768
935,4761.847887323944,6889.695340501792,44.685330223214095
936,6130.889518413598,7818.519855595668,27.526679972187022
937,6167.205633802817,8673.20143884892,40.63421837777864
938,8311.55807365439,10868.172661870503,30.75975124712124
939,5245.0968660968665,6974.848375451264,32.97844736739037
940,6236.454285714286,8897.26618705036,42.665459882086196
941,4243.106617647059,6218.985294117647,46.56679302501896
942,5234.342776203966,7226.01083032491,38.05001199339365
943,6364.319088319088,7889.068592057762,23.957779026780106
944,7286.1246458923515,8738.892086330936,19.938822227775105
945,3835.505681818182,5114.03249097473,33.33398292739525
946,3425.186246418338,5068.329710144928,47.97238297464257
947,7757.694767441861,9160.893772893773,18.087834692091448
948,7131.293248945148,7382.872791519435,3.527824951126509
949,3999.0738636363635,6949.406474820144,73.77539679902382
950,4663.7614942528735,7067.5474452554745,51.54178561585477
951,6774.45558739255,9224.341726618704,36.163586986760386
952,6125.9,7185.956310679611,17.30449910510475
953,4119.610315186246,6868.935714285714,66.73751128752507
954,5815.060344827586,8442.422939068101,45.182034896293324
955,4150.491379310345,5838.1684587813625,40.66210299541558
956,3093.365994236311,4690.190647482014,51.6209415963379
957,6290.767241379311,9984.265017667845,58.71299373458777
958,3598.9971264367814,4714.489436619719,30.99453183746607
959,5769.636887608069,8516.985915492958,47.61736451362478
960,5669.791907514451,8222.021276595744,45.01451571262606
961,5766.029069767442,7567.028169014085,31.234651741346177
962,5350.706231454006,8463.053763440861,58.16704183255268
963,7839.845481049562,14499.18661971831,84.94224987935893
964,8504.488235294117,11484.785714285714,35.04381917565822
965,7012.606936416185,10543.351063829787,50.348524584753065
966,4179.976811594202,5634.119718309859,34.78830080306261
967,7158.558139534884,9985.11971830986,39.48506841293361
968,6187.06432748538,8635.679577464789,39.576366437660816
969,3059.8625730994154,4242.881720430108,38.662492810334975
970,2498.0495626822158,4154.355871886121,66.30398107175623
971,7091.617210682492,9979.202166064983,40.71828568288714
972,2494.9765100671143,4581.658634538153,83.63534149725952
973,5603.924198250729,8023.473309608541,43.17597857788791
974,10263.578358208955,13373.570048309179,30.301241745894675
975,6472.504347826087,9120.79569892473,40.91602274455208
976,5530.866666666667,8815.143369175627,59.38086922801056
977,3494.64552238806,6290.349514563107,79.99964443502721
978,6118.081395348837,8832.94642857143,44.374451037649166
979,5107.407514450867,7926.149466192171,55.18929013919435
980,5710.638728323699,8564.817204301075,49.980021706174206
981,6138.850574712644,8864.67857142857,44.402905129247614
982,6625.609195402299,10105.107142857143,52.51589468738012
983,8575.342105263158,11812.491039426523,37.749501937381
984,5065.928571428572,7518.783393501805,48.41866180086188
985,7549.108262108262,9559.862815884477,26.635656609522044
986,4736.104347826087,6938.6895306859205,46.50626382146413
987,5559.09604519774,8311.868327402135,49.518343626791534
988,4257.706214689266,5273.44128113879,23.856391569366515
989,4438.050541516245,6395.597087378641,44.10825265621258
990,5389.119658119658,7794.607142857143,44.6360006334837
991,5240.721590909091,6323.104316546763,20.653314755648264
992,4702.407407407408,6890.8884892086335,46.539589027395806
993,6209.22,9340.182795698925,50.42441394730619
994,3366.1789772727275,6075.226618705036,80.47841958858571
995,8079.346590909091,11083.181494661922,37.1791811374048
996,5215.855072463768,8399.436823104694,61.03662211490713
997,4131.084507042254,6384.985765124555,54.559553411218744
998,3857.353107344633,4970.226618705036,28.850703588463944
999,7068.131054131054,11947.351063829787,69.03126119664991
1000,6501.725274725275,8250.94685990338,26.90396027617481
1001,4227.082621082621,6967.859649122807,64.83850148493741
1002,5438.192090395481,7019.512280701754,29.078049543323058
1003,5454.085714285714,9249.754385964912,69.59312468700892
1004,4288.767527675277,6436.609523809524,50.08063464093805
1005,5477.4727793696275,7097.308771929825,29.572689044866696
1006,5618.3753581661895,7603.281690140845,35.32883094202021
1007,6193.803418803419,8183.210526315789,32.11931301327455
1008,4445.982905982906,6549.6,47.31500634395786
1009,4282.044609665428,5622.181818181818,31.29666621154375
1010,7900.811428571428,10414.0,31.80924635588967
1011,6778.919540229885,9346.834507042253,37.88088871055233
1012,5695.3791821561335,6722.1,18.027260082359874
1013,3140.514367816092,5058.466431095407,61.07127172970252
1014,9345.698275862069,15965.390070921985,70.83143067176862
1015,5202.758620689655,7204.751773049646,38.47945481073683
1016,4116.022988505747,7056.2163120567375,71.43286934406503
1017,6202.038123167155,8440.152173913044,36.086750940559604
1018,10497.93123209169,13160.166077738515,25.359614068612828
1019,7618.440298507463,11158.22009569378,46.463313466928376
1020,8160.602857142857,9887.124113475178,21.15678567571907
1021,8418.362573099415,9528.05035971223,13.181753303888133
1022,6122.808022922636,9078.14184397163,48.267621816408145
1023,5185.951149425287,7268.6077738515905,40.159588172308666
1024,5487.504273504273,7016.44014084507,27.862135337608247
1025,6504.350427350428,8496.44642857143,30.627132155185706
1026,7615.2307692307695,11747.248226950354,54.25991126119174
1027,10816.565693430657,16452.133971291867,52.10127167520391
1028,3624.045325779037,6338.599290780142,74.90397390152883
1029,4265.352272727273,6969.755319148936,63.403978698633104
1030,2676.4245014245016,4809.003558718861,79.68014999710677
1031,3825.71104815864,6112.398576512455,59.77156924735403
1032,7387.762039660057,11434.496453900709,54.77618787010714
1033,11629.38309859155,16607.25,42.80422150691145
1034,4847.230113636364,8660.538732394367,78.66984915839453
1035,3601.846590909091,6468.501754385965,79.5884858259147
1036,4476.3966005665725,5724.242957746479,27.876134947961674
1037,6041.817415730337,8048.661971830986,33.2159086912437
1038,5156.262589928057,6757.334928229665,31.051024077576052
1039,7572.304843304843,9353.562724014337,23.52332503206625
1040,7201.197183098591,10675.540636042402,48.24674793099946
1041,5516.754512635379,6824.3761904761905,23.702734548834485
1042,3456.313559322034,5045.484210526316,45.97877547649358
1043,7721.0169971671385,10016.694736842106,29.732841418653237
1044,5787.232954545455,7685.088339222615,32.793830826984966
1045,6708.0625,9193.850174216028,37.05671606691243
1046,7252.621082621083,10865.922261484098,49.8206253670318
1047,3919.3571428571427,6138.904255319149,56.63038686094312
1048,5812.097142857143,8509.951048951049,46.41790802497977
1049,3492.543795620438,4682.929245283019,34.08362269229936
1050,6393.5314285714285,8820.697183098591,37.962834493635846
1051,6302.535087719299,9321.581227436824,47.90209174083358
1052,6078.531609195402,8849.274647887323,45.5824402475827
1053,7169.725714285714,11194.954703832753,56.142022023614516
1054,4963.52,7517.377622377622,51.45255025420713
1055,6750.237142857143,9303.894736842105,37.83063527904571
1056,3639.0661764705883,4656.62441314554,27.96207013915443
1057,5934.551724137931,7201.306338028169,21.345413651681504
1058,6095.817919075144,9008.729537366547,47.78541053820304
1059,7501.922413793103,9710.583038869258,29.4412618959547
1060,6207.179190751445,8848.82269503546,42.55787408586501
1061,6857.150724637681,8539.328571428572,24.53173211938948
1062,5111.726744186047,7896.464539007092,54.47743852873861
1063,3648.42774566474,5141.360424028268,40.919891592687065
1064,8334.389534883721,11001.02846975089,31.99561196061102
1065,3595.46468401487,5142.460093896713,43.02629968136395
1066,10208.505847953216,12173.524822695035,19.248840173175793
1067,5181.996254681648,6829.627358490566,31.795297079197503
1068,4010.2448979591836,5144.413669064748,28.28178328168297
1069,4996.2303206997085,8045.007092198582,61.021541758545276
1070,6182.901734104046,8247.790780141844,33.396763119299635
1071,5188.575144508671,7135.223404255319,37.51797373132167
1072,5585.8808139534885,8466.659498207886,51.57250539714764
1073,6431.712209302325,8623.78494623656,34.08225781252761
1074,4300.847953216375,6347.0,47.57554949724315
1075,11085.58092485549,11830.455516014235,6.7193103925535125
1076,3146.186046511628,4388.967741935484,39.501214392639156
1077,3624.34110787172,5544.578571428571,52.981698090896586
1078,5489.455072463768,8951.442446043166,63.066139131831775
1079,6834.260744985673,10927.767025089606,59.896840826673994
1080,9377.951672862453,11405.100961538461,21.6161200162941
1081,4790.270880361174,7777.405204460966,62.35835923906187
1082,6051.066282420749,8278.3,36.80729335339949
1083,4867.733524355301,5879.078853046595,20.776513825810554
1084,5615.451428571429,7056.8494623655915,25.668426699594033
1085,6184.6980056980055,9218.35587188612,49.05102663692204
1086,5428.352272727273,9602.65,76.89806257130594
1087,5550.053977272727,7243.567375886525,30.513458167229995
1088,4071.12,6484.629893238434,59.283683439408186
1089,9077.437142857143,11578.010638297872,27.547130936713575
1090,5026.805157593123,8424.646643109541,67.59445371348616
1091,7010.1388101983,10073.915492957747,43.70493603211232
1092,11377.80073800738,12890.75,13.297378789018824
1093,7509.345714285714,9571.59219858156,27.462399025958362
1094,4378.775735294118,4944.618357487922,12.92239329895248
1095,4010.172804532578,5851.024561403508,45.904549419672655
1096,4780.532577903683,6697.95406360424,40.108951344943414
1097,9477.901260504203,10495.975862068966,10.741561592408956
1098,4239.883190883191,6594.151943462897,55.526736152589606
1099,6796.521541950114,9181.066433566433,35.08478383976587
1100,3966.4466858789624,7068.65,78.21114362044149
1101,8419.963276836159,12131.859154929578,44.0844663575324
1102,6304.047794117647,7939.980487804878,25.950512228250112
1103,4402.154929577465,6156.867857142857,39.86031740445392
1104,4850.249084249084,6372.956097560976,31.394408552269994
1105,3861.143661971831,5866.9857142857145,51.94942814662142
1106,4117.495798319328,6001.303886925795,45.75130566922246
1107,4865.543795620438,8035.264423076923,65.14627676991844
1108,4070.3502824858756,7930.840425531915,94.84417495116246
1109,4014.7372262773724,6179.608695652174,53.92311743855173
1110,3601.96338028169,5792.7420494699645,60.821791836677285
1111,4153.228813559322,6596.879003558719,58.837360032306684
1112,7859.824858757062,12373.818505338078,57.431224330039974
1113,6006.929577464789,7551.282685512368,25.70952577571867
1114,19779.737288135595,22272.134275618373,12.600758802685327
1115,5678.192090395481,7548.064056939502,32.93076276350113
